School,Conference,Head coach,First season,W,L,W%,W,L,W%,Offensive coordinator(s),Defensive coordinator(s),Special teams coordinator(s),team_url,hc_url,oc_url,dc_url,sc_url
Florida Atlantic Owls,The American,Tom Herman,2023,1,0,1.000,55,22,.714,Charlie Frye,Roc Bellantoni,Chad Lunsford,/wiki/Florida_Atlantic_Owls_football,/wiki/Tom_Herman,/wiki/Charlie_Frye,/w/index.php?title=Roc_Bellantoni&action=edit&redlink=1,/wiki/Chad_Lunsford
Memphis Tigers,The American,Ryan Silverfield,2020,22,16,.579,22,16,.579,Tim Cramsey,Matt Barnes,Chris White,/wiki/Memphis_Tigers_football,/wiki/Ryan_Silverfield,/wiki/Tim_Cramsey,/wiki/Matt_Barnes_(coach),/w/index.php?title=Chris_White_(American_football_coach)&action=edit&redlink=1
Navy Midshipmen,The American,Brian Newberry,2023,0,1,.000,0,1,.000,Grant Chesnut,P.J. Volker,Ricky Brown,/wiki/Navy_Midshipmen_football,/wiki/Brian_Newberry_(American_football),/w/index.php?title=Grant_Chesnut&action=edit&redlink=1,/w/index.php?title=P.J._Volker&action=edit&redlink=1,/wiki/Ricky_Brown
North Texas Mean Green,The American,Eric Morris,2023,0,1,.000,0,1,.000,Jordan Davis,Matt Caponi,Drew Svoboda,/wiki/North_Texas_Mean_Green_football,/wiki/Eric_Morris_(American_football),/wiki/Jordan_Davis_(American_football_coach),/wiki/Matt_Caponi,/w/index.php?title=Drew_Svoboda&action=edit&redlink=1
Rice Owls,The American,Mike Bloomgren,2018,16,40,.286,16,40,.286,Marques Tuiasosopo,Brian Smith,Pete Alamar,/wiki/Rice_Owls_football,/wiki/Mike_Bloomgren,/wiki/Marques_Tuiasosopo,"/w/index.php?title=Brian_Smith_(American_football_coach,_born_1979)&action=edit&redlink=1",/w/index.php?title=Pete_Alamar&action=edit&redlink=1
SMU Mustangs,The American,Rhett Lashlee,2022,8,6,.571,8,6,.571,Casey Woods,Scott Symons,Kyle Cooper,/wiki/SMU_Mustangs_football,/wiki/Rhett_Lashlee,/wiki/Casey_Woods,/w/index.php?title=Scott_Symons_(American_football)&action=edit&redlink=1,/w/index.php?title=Kyle_Cooper_(American_football)&action=edit&redlink=1
South Florida Bulls,The American,Alex Golesh,2023,0,1,.000,0,1,.000,Joel Gordon / Matt Merritt,Todd Orlando,Chad Creamer,/wiki/South_Florida_Bulls_football,/wiki/Alex_Golesh,/w/index.php?title=Joel_Gordon_(American_football)&action=edit&redlink=1|/w/index.php?title=Matt_Merritt&action=edit&redlink=1,/wiki/Todd_Orlando,/w/index.php?title=Chad_Creamer&action=edit&redlink=1
Temple Owls,The American,Stan Drayton,2022,4,9,.308,4,9,.308,Danny Langsdorf,Everett Withers,Adam Scheier,/wiki/Temple_Owls_football,/wiki/Stan_Drayton,/wiki/Danny_Langsdorf,/wiki/Everett_Withers,/wiki/Adam_Scheier
Tulane Green Wave,The American,Willie Fritz,2016,44,45,.494,61,52,.540,Slade Nagle,Shiel Wood,Greg McMahon,/wiki/Tulane_Green_Wave_football,/wiki/Willie_Fritz,/w/index.php?title=Slade_Nagle&action=edit&redlink=1,/w/index.php?title=Shiel_Wood&action=edit&redlink=1,/wiki/Greg_McMahon
Tulsa Golden Hurricane,The American,Kevin Wilson,2023,1,0,1.000,27,47,.365,Steve Spurrier Jr.,Chris Polizzi,Joe Bolden,/wiki/Tulsa_Golden_Hurricane_football,/wiki/Kevin_Wilson_(American_football),/wiki/Steve_Spurrier_Jr.,/w/index.php?title=Chris_Polizzi&action=edit&redlink=1,/wiki/Joe_Bolden
UAB Blazers,The American,Trent Dilfer,2023,1,0,1.000,1,0,1.000,Alex Mortensen,Sione Ta'ufo'ou,Kenneth Gilstrap,/wiki/UAB_Blazers_football,/wiki/Trent_Dilfer,/wiki/Alex_Mortensen,/w/index.php?title=Sione_Ta%27ufo%27ou&action=edit&redlink=1,/w/index.php?title=Kenneth_Gilstrap&action=edit&redlink=1
UTSA Roadrunners,The American,Jeff Traylor,2020,30,11,.732,30,11,.732,Justin Burke,Jess Loepp,Vacant,/wiki/UTSA_Roadrunners_football,/wiki/Jeff_Traylor,/wiki/Justin_Burke,/w/index.php?title=Jess_Loepp&action=edit&redlink=1,
Boston College Eagles,ACC,Jeff Hafley,2020,15,21,.417,15,21,.417,Steve Shimko,Aazaar Abdul-Rahim / Sean Duggan,Matt Thurin,/wiki/Boston_College_Eagles_football,/wiki/Jeff_Hafley,/wiki/Steve_Shimko,/wiki/Aazaar_Abdul-Rahim|/wiki/Sean_Duggan_(American_football),/wiki/Matt_Thurin
Clemson Tigers,ACC,Dabo Swinney,2009,161,40,.801,161,40,.801,Garrett Riley,Mickey Conn / Wes Goodwin,Michael Reed,/wiki/Clemson_Tigers_football,/wiki/Dabo_Swinney,/wiki/Garrett_Riley,/wiki/Mickey_Conn|/wiki/Wes_Goodwin,/wiki/Michael_Reed_(American_football)
Duke Blue Devils,ACC,Mike Elko,2022,10,4,.714,10,4,.714,Kevin Johns,Tyler Santucci,Patrick Dougherty,/wiki/Duke_Blue_Devils_football,/wiki/Mike_Elko,/wiki/Kevin_Johns,/wiki/Tyler_Santucci,/wiki/Patrick_Dougherty_(American_football)
Florida State Seminoles,ACC,Mike Norvell,2020,19,16,.543,57,31,.648,Alex Atkins,Adam Fuller,John Papuchis,/wiki/Florida_State_Seminoles_football,/wiki/Mike_Norvell,/wiki/Alex_Atkins,/wiki/Adam_Fuller,/wiki/John_Papuchis
Georgia Tech Yellow Jackets,ACC,Brent Key,2022,4,5,.444,4,5,.444,Buster Faulkner,Kevin Sherrer / Andrew Thacker,Ricky Brumfield,/wiki/Georgia_Tech_Yellow_Jackets_football,/wiki/Brent_Key,/wiki/Buster_Faulkner,/wiki/Kevin_Sherrer|/wiki/Andrew_Thacker,/w/index.php?title=Ricky_Brumfield&action=edit&redlink=1
Louisville Cardinals,ACC,Jeff Brohm,2023,2,0,1.000,68,44,.607,Brian Brohm,Ron English,Karl Maslowski,/wiki/Louisville_Cardinals_football,/wiki/Jeff_Brohm,/wiki/Brian_Brohm,/wiki/Ron_English_(American_football),/w/index.php?title=Karl_Maslowski&action=edit&redlink=1
Miami Hurricanes,ACC,Mario Cristobal,2022,6,7,.462,68,67,.504,Shannon Dawson,Lance Guidry,Vacant,/wiki/Miami_Hurricanes_football,/wiki/Mario_Cristobal,/wiki/Shannon_Dawson,/wiki/Lance_Guidry,
North Carolina Tar Heels,ACC,Mack Brown,2019[N 1],31,22,.585,269,139,.659,Chip Lindsey,Gene Chizik / Charlton Warren,Larry Porter,/wiki/North_Carolina_Tar_Heels_football,/wiki/Mack_Brown,/wiki/Chip_Lindsey,/wiki/Gene_Chizik|/wiki/Charlton_Warren,/wiki/Larry_Porter_(coach)
NC State Wolfpack,ACC,Dave Doeren,2013,73,54,.575,96,58,.623,Robert Anae,Tony Gibson,Todd Goebbel,/wiki/NC_State_Wolfpack_football,/wiki/Dave_Doeren,/wiki/Robert_Anae,/wiki/Tony_Gibson_(American_football),/w/index.php?title=Todd_Goebbel&action=edit&redlink=1
Pittsburgh Panthers,ACC,Pat Narduzzi,2015,63,41,.606,63,41,.606,Frank Cignetti Jr.,Randy Bates,Andre Powell ,/wiki/Pittsburgh_Panthers_football,/wiki/Pat_Narduzzi,/wiki/Frank_Cignetti_Jr.,/wiki/Randy_Bates,/w/index.php?title=Andre_Powell_(American_football_coach)&action=edit&redlink=1
Syracuse Orange,ACC,Dino Babers,2016,37,49,.430,55,58,.487,Jason Beck,Rocky Long,Bob Ligashesky,/wiki/Syracuse_Orange_football,/wiki/Dino_Babers,/wiki/Jason_Beck_(American_football),/wiki/Rocky_Long,/wiki/Bob_Ligashesky
Virginia Cavaliers,ACC,Tony Elliott,2022,3,8,.273,3,8,.273,Des Kitchings,John Rudzinski,Keith Gaither,/wiki/Virginia_Cavaliers_football,/wiki/Tony_Elliott_(American_football_coach),/wiki/Des_Kitchings,/wiki/John_Rudzinski,/wiki/Keith_Gaither
Virginia Tech Hokies,ACC,Brent Pry,2022,4,8,.333,4,8,.333,Tyler Bowen,Chris Marve,Stu Holt,/wiki/Virginia_Tech_Hokies_football,/wiki/Brent_Pry,/wiki/Tyler_Bowen,/wiki/Chris_Marve,/wiki/Stu_Holt
Wake Forest Demon Deacons,ACC,Dave Clawson,2014,60,53,.531,92,85,.520,Warren Ruggiero,Brad Lambert,Wayne Lineburg,/wiki/Wake_Forest_Demon_Deacons_football,/wiki/Dave_Clawson,/wiki/Warren_Ruggiero,/wiki/Brad_Lambert_(American_football),/wiki/Wayne_Lineburg
Baylor Bears,Big 12,Dave Aranda,2020,20,17,.541,20,17,.541,Jeff Grimes,Matt Powledge,Tyler Hancock,/wiki/Baylor_Bears_football,/wiki/Dave_Aranda,/wiki/Jeff_Grimes,/wiki/Matt_Powledge,/w/index.php?title=Tyler_Hancock&action=edit&redlink=1
BYU Cougars,Big 12,Kalani Sitake,2016,57,34,.626,57,34,.626,Aaron Roderick,Jay Hill,Kelly Poppinga,/wiki/BYU_Cougars_football,/wiki/Kalani_Sitake,/wiki/Aaron_Roderick,/wiki/Jay_Hill_(American_football),/wiki/Kelly_Poppinga
Cincinnati Bearcats,Big 12,Scott Satterfield,2023,1,0,1.000,73,40,.646,Brad Glenn,Bryan Brown / Nate Fuqua,Kerry Coombs,/wiki/Cincinnati_Bearcats_football,/wiki/Scott_Satterfield,/wiki/Brad_Glenn_(American_football_coach),/wiki/Bryan_Brown_(American_football)|/w/index.php?title=Nate_Fuqua&action=edit&redlink=1,/wiki/Kerry_Coombs
Houston Cougars,Big 12,Dana Holgorsen,2019,28,20,.583,89,61,.593,Dana Holgorsen,Doug Belk,Mark Scott,/wiki/Houston_Cougars_football,/wiki/Dana_Holgorsen,/wiki/Dana_Holgorsen,/wiki/Doug_Belk,/w/index.php?title=Mark_Scott_(American_football)&action=edit&redlink=1
Iowa State Cyclones,Big 12,Matt Campbell,2016,47,40,.540,82,57,.590,Nathan Scheelhaase,Jon Heacock,Jordan Langs,/wiki/Iowa_State_Cyclones_football,/wiki/Matt_Campbell_(American_football_coach),/wiki/Nathan_Scheelhaase,/wiki/Jon_Heacock,/wiki/Jordan_Langs
Kansas Jayhawks,Big 12,Lance Leipold,2021,10,17,.370,47,50,.485,Andy Kotelnicki,Brian Borland,Taiwo Onatolu,/wiki/Kansas_Jayhawks_football,/wiki/Lance_Leipold,/wiki/Andy_Kotelnicki,/w/index.php?title=Brian_Borland&action=edit&redlink=1,/w/index.php?title=Taiwo_Onatolu&action=edit&redlink=1
Kansas State Wildcats,Big 12,Chris Klieman,2019,31,20,.608,31,20,.608,Collin Klein,Joe Klanderman,Will Burnham,/wiki/Kansas_State_Wildcats_football,/wiki/Chris_Klieman,/wiki/Collin_Klein,/wiki/Joe_Klanderman,/w/index.php?title=Will_Burnham&action=edit&redlink=1
Oklahoma Sooners,Big 12,Brent Venables,2022,7,7,.500,7,7,.500,Jeff Lebby,Todd Bates / Ted Roof / Jay Valai,Jay Nunez,/wiki/Oklahoma_Sooners_football,/wiki/Brent_Venables,/wiki/Jeff_Lebby,/wiki/Todd_Bates_(American_football)|/wiki/Ted_Roof|/wiki/Ted_Roof,/w/index.php?title=Jay_Nunez&action=edit&redlink=1
Oklahoma State Cowboys,Big 12,Mike Gundy,2005,157,75,.677,157,75,.677,Kasey Dunn,Jim Bob Clements / Bryan Nardo,John Wozniak,/wiki/Oklahoma_State_Cowboys_football,/wiki/Mike_Gundy,/wiki/Kasey_Dunn,/w/index.php?title=Jim_Bob_Clements&action=edit&redlink=1|/w/index.php?title=Bryan_Nardo&action=edit&redlink=1,/wiki/John_Wozniak_(football_coach)
TCU Horned Frogs,Big 12,Sonny Dykes,2022,13,3,.813,84,66,.560,Kendal Briles / A. J. Ricker,Joe Gillespie,Mark Tommerdahl,/wiki/TCU_Horned_Frogs_football,/wiki/Sonny_Dykes,/wiki/Kendal_Briles|/wiki/A._J._Ricker,/wiki/Joe_Gillespie,/w/index.php?title=Mark_Tommerdahl&action=edit&redlink=1
Texas Longhorns,Big 12,Steve Sarkisian,2021,14,12,.538,60,47,.561,Kyle Flood,Jeff Choate / Pete Kwiatkowski,Jeff Banks,/wiki/Texas_Longhorns_football,/wiki/Steve_Sarkisian,/wiki/Kyle_Flood,/wiki/Jeff_Choate|/wiki/Pete_Kwiatkowski,/wiki/Jeff_Banks_(American_football)
Texas Tech Red Raiders,Big 12,Joey McGuire,2022,8,6,.571,8,6,.571,Zach Kittley,Tim DeRuyter,Kenny Perry,/wiki/Texas_Tech_Red_Raiders_football,/wiki/Joey_McGuire,/wiki/Zach_Kittley,/wiki/Tim_DeRuyter,/wiki/Kenny_Perry_(American_football)
UCF Knights,Big 12,Gus Malzahn,2021,19,9,.679,96,47,.671,Darin Hinshaw,David Gibbs / Addison Williams,Brian Blackmon,/wiki/UCF_Knights_football,/wiki/Gus_Malzahn,/wiki/Darin_Hinshaw,/wiki/David_Gibbs_(American_football)|/w/index.php?title=Addison_Williams&action=edit&redlink=1,/w/index.php?title=Brian_Blackmon&action=edit&redlink=1
West Virginia Mountaineers,Big 12,Neal Brown,2019,22,26,.458,57,42,.576,Chad Scott,ShaDon Brown / Jordan Lesley,Jeff Koonz,/wiki/West_Virginia_Mountaineers_football,/wiki/Neal_Brown,/w/index.php?title=Chad_Scott_(American_football_coach)&action=edit&redlink=1,/w/index.php?title=ShaDon_Brown&action=edit&redlink=1|/w/index.php?title=Jordan_Lesley&action=edit&redlink=1,/w/index.php?title=Jeff_Koonz&action=edit&redlink=1
Illinois Fighting Illini,Big Ten,Bret Bielema,2021,14,13,.519,111,71,.610,Barry Lunney Jr.,Aaron Henry,Robbie Discher,/wiki/Illinois_Fighting_Illini_football,/wiki/Bret_Bielema,/wiki/Barry_Lunney_Jr.,/wiki/Aaron_Henry_(American_football),/w/index.php?title=Robbie_Discher&action=edit&redlink=1
Indiana Hoosiers,Big Ten,Tom Allen,2017,31,41,.431,31,41,.431,Walt Bell / Anthony Tucker,Matt Guerrieri / Chad Wilt,Kasey Teegardin,/wiki/Indiana_Hoosiers_football,/wiki/Tom_Allen_(American_football),/wiki/Walt_Bell|/wiki/Anthony_Tucker_(American_football),/wiki/Matt_Guerrieri|/w/index.php?title=Chad_Wilt&action=edit&redlink=1,/w/index.php?title=Kasey_Teegardin&action=edit&redlink=1
Iowa Hawkeyes,Big Ten,Kirk Ferentz,1999,187,115,.619,187,115,.619,Brian Ferentz,Phil Parker,LeVar Woods,/wiki/Iowa_Hawkeyes_football,/wiki/Kirk_Ferentz,/wiki/Brian_Ferentz,/wiki/Phil_Parker,/wiki/LeVar_Woods
Maryland Terrapins,Big Ten,Mike Locksley,2019[N 2],22,28,.440,24,54,.308,Josh Gattis / Kevin Sumlin,Brian Williams,James Thomas Jr.,/wiki/Maryland_Terrapins_football,/wiki/Mike_Locksley,/wiki/Josh_Gattis|/wiki/Kevin_Sumlin,/wiki/Brian_Williams_(American_football_coach),/wiki/James_Thomas_Jr.
Michigan Wolverines,Big Ten,Jim Harbaugh,2015,75,25,.750,104,46,.693,Sherrone Moore,Jesse Minter,Jay Harbaugh,/wiki/Michigan_Wolverines_football,/wiki/Jim_Harbaugh,/wiki/Sherrone_Moore,/wiki/Jesse_Minter,/wiki/Jay_Harbaugh
Michigan State Spartans,Big Ten,Mel Tucker,2020,19,14,.576,24,21,.533,Jay Johnson,Scottie Hazelton,Ross Els,/wiki/Michigan_State_Spartans_football,/wiki/Mel_Tucker,/wiki/Jay_Johnson_(American_football_coach),/wiki/Scottie_Hazelton,/wiki/Ross_Els
Minnesota Golden Gophers,Big Ten,P. J. Fleck,2017,45,27,.625,75,49,.605,Greg Harbaugh Jr. / Matt Simon,Nick Monroe / Joe Rossi,Rob Wenger,/wiki/Minnesota_Golden_Gophers_football,/wiki/P._J._Fleck,"/wiki/Greg_Harbaugh_Jr.|/wiki/Matt_Simon_(American_football,_born_1985)",/w/index.php?title=Nick_Monroe_(American_football)&action=edit&redlink=1|/wiki/Joe_Rossi_(American_football),/w/index.php?title=Rob_Wenger&action=edit&redlink=1
Nebraska Cornhuskers,Big Ten,Matt Rhule,2023,0,1,.000,47,44,.516,Marcus Satterfield,Tony White,Ed Foley,/wiki/Nebraska_Cornhuskers_football,/wiki/Matt_Rhule,/wiki/Marcus_Satterfield,/wiki/Tony_White_(American_football),/wiki/Ed_Foley
Northwestern Wildcats,Big Ten,David Braun[interim],2023,0,1,.000,0,1,.000,Mike Bajakian,Vacant,Jeff Genyk,/wiki/Northwestern_Wildcats_football,/wiki/David_Braun_(American_football),/wiki/Mike_Bajakian,,/wiki/Jeff_Genyk
Ohio State Buckeyes,Big Ten,Ryan Day,2019,46,6,.885,46,6,.885,Brian Hartline,Jim Knowles,Parker Fleming,/wiki/Ohio_State_Buckeyes_football,/wiki/Ryan_Day_(American_football),/wiki/Brian_Hartline,/wiki/Jim_Knowles_(American_football),/w/index.php?title=Parker_Fleming&action=edit&redlink=1
Penn State Nittany Lions,Big Ten,James Franklin,2014,79,36,.687,103,51,.669,Mike Yurcich,Manny Diaz / Anthony Poindexter,Stacy Collins,/wiki/Penn_State_Nittany_Lions_football,/wiki/James_Franklin_(American_football_coach),/wiki/Mike_Yurcich,/wiki/Manny_Diaz_(American_football)|/wiki/Anthony_Poindexter,/wiki/Stacy_Collins
Purdue Boilermakers,Big Ten,Ryan Walters,2023,0,1,.000,0,1,.000,Graham Harrell,Kevin Kane,Chris Petrilli,/wiki/Purdue_Boilermakers_football,/wiki/Ryan_Walters_(American_football),/wiki/Graham_Harrell,/wiki/Kevin_Kane_(American_football),/w/index.php?title=Chris_Petrilli&action=edit&redlink=1
Rutgers Scarlet Knights,Big Ten,Greg Schiano,2020[N 3],13,22,.371,81,89,.476,Kirk Ciarrocca,Joe Harasymiak,Vacant,/wiki/Rutgers_Scarlet_Knights_football,/wiki/Greg_Schiano,/wiki/Kirk_Ciarrocca,/wiki/Joe_Harasymiak,
Wisconsin Badgers,Big Ten,Luke Fickell,2023,1,0,1.000,64,25,.719,Phil Longo,Colin Hitschler / Mike Tressel,Matt Mitchell,/wiki/Wisconsin_Badgers_football,/wiki/Luke_Fickell,/wiki/Phil_Longo,/w/index.php?title=Colin_Hitschler&action=edit&redlink=1|/wiki/Mike_Tressel,/wiki/Matt_Mitchell_(American_football)
Florida International Panthers,C-USA,Mike MacIntyre,2022,5,9,.357,51,74,.408,David Yost,Jovan Dewitt,Zac Roper,/wiki/FIU_Panthers_football,/wiki/Mike_MacIntyre,/wiki/David_Yost_(American_football),/wiki/Jovan_Dewitt,/wiki/Zac_Roper
Jacksonville State Gamecocks,C-USA,Rich Rodriguez,2022,11,2,.846,120,83,.591,Rod Smith,Zac Alley,Pat Kirkland,/wiki/Jacksonville_State_Gamecocks_football,/wiki/Rich_Rodriguez,/wiki/Rod_Smith_(American_football_coach),/wiki/Zac_Alley,/w/index.php?title=Pat_Kirkland&action=edit&redlink=1
Liberty Flames,C-USA,Jamey Chadwell,2023,1,0,1.000,40,22,.645,Newland Isaac / Willy Korn,Jack Curtis / Skylor Magee,Kyle Krantz,/wiki/Liberty_Flames_football,/wiki/Jamey_Chadwell,/w/index.php?title=Newland_Isaac&action=edit&redlink=1|/wiki/Willy_Korn,/w/index.php?title=Jack_Curtis_(American_football)&action=edit&redlink=1|/w/index.php?title=Skylor_Magee&action=edit&redlink=1,/w/index.php?title=Kyle_Krantz&action=edit&redlink=1
Louisiana Tech Bulldogs,C-USA,Sonny Cumbie,2022,4,10,.286,6,13,.316,Jake Brown / Scott Parr,Scott Power,Dan Sharp,/wiki/Louisiana_Tech_Bulldogs_football,/wiki/Sonny_Cumbie,/w/index.php?title=Jake_Brown_(American_football)&action=edit&redlink=1|/w/index.php?title=Scott_Parr&action=edit&redlink=1,/w/index.php?title=Scott_Power&action=edit&redlink=1,/wiki/Dan_Sharp
Middle Tennessee Blue Raiders,C-USA,Rick Stockstill,2006,109,104,.512,109,104,.512,Mitch Stewart,Scott Shafer,Dustin Royston,/wiki/Middle_Tennessee_Blue_Raiders_football,/wiki/Rick_Stockstill,/wiki/Mitch_Stewart_(American_football),/wiki/Scott_Shafer,/w/index.php?title=Dustin_Royston&action=edit&redlink=1
New Mexico State Aggies,C-USA,Jerry Kill,2022,8,7,.533,60,54,.526,Tim Beck,Nate Dreiling / Melvin Rice,Tyler Wright,/wiki/New_Mexico_State_Aggies_football,/wiki/Jerry_Kill,"/wiki/Tim_Beck_(American_football,_born_1964)",/wiki/Nate_Dreiling|/w/index.php?title=Melvin_Rice&action=edit&redlink=1,/w/index.php?title=Tyler_Wright_(American_football)&action=edit&redlink=1
Sam Houston State,C-USA,K. C. Keeler,2014,85,28,.752,0,1,.000,Brad Cornelsen,Clayton Carlin / Joe Morris,Thomas Rocco,/wiki/Sam_Houston_State_Bearkats_football,/wiki/K._C._Keeler,/wiki/Brad_Cornelsen,/w/index.php?title=Clayton_Carlin&action=edit&redlink=1|/w/index.php?title=Joe_Morris_(American_football_coach)&action=edit&redlink=1,/w/index.php?title=Thomas_Rocco&action=edit&redlink=1
UTEP Miners,C-USA,Dana Dimel,2018,18,41,.305,48,80,.375,Scotty Ohara,Bradley Dale Peveto,Aaron Price,/wiki/UTEP_Miners_football,/wiki/Dana_Dimel,/w/index.php?title=Scotty_Ohara&action=edit&redlink=1,/wiki/Bradley_Dale_Peveto,/w/index.php?title=Aaron_Price&action=edit&redlink=1
Western Kentucky Hilltoppers,C-USA,Tyson Helton,2019,33,21,.611,33,21,.611,Drew Hollingshead / Zack Lankford,Tyson Summers,Andy LaRussa,/wiki/Western_Kentucky_Hilltoppers_football,/wiki/Tyson_Helton,/w/index.php?title=Drew_Hollingshead&action=edit&redlink=1|/w/index.php?title=Zack_Lankford&action=edit&redlink=1,/wiki/Tyson_Summers,/w/index.php?title=Andy_LaRussa&action=edit&redlink=1
Army Black Knights,Independent,Jeff Monken,2014,64,50,.561,64,50,.561,Matt Drinkall / Drew Thatcher,Nate Woody,Sean Saturnio,/wiki/Army_Black_Knights_football,/wiki/Jeff_Monken,/wiki/Matt_Drinkall|/w/index.php?title=Drew_Thatcher&action=edit&redlink=1,/wiki/Nate_Woody,/w/index.php?title=Sean_Saturnio&action=edit&redlink=1
Notre Dame Fighting Irish,Independent,Marcus Freeman,2022,11,5,.688,11,5,.688,Gerad Parker,Al Golden,Marty Biagi,/wiki/Notre_Dame_Fighting_Irish_football,/wiki/Marcus_Freeman_(American_football_coach),/wiki/Gerad_Parker,/wiki/Al_Golden,/w/index.php?title=Marty_Biagi&action=edit&redlink=1
UConn Huskies,Independent,Jim L. Mora,2022,6,8,.429,52,38,.578,Nick Charlton,Lou Spanos,Doug Shearer,/wiki/UConn_Huskies_football,/wiki/Jim_L._Mora,/wiki/Nick_Charlton,/wiki/Lou_Spanos,/w/index.php?title=Doug_Shearer&action=edit&redlink=1
UMass Minutemen,Independent,Don Brown,2022[N 4],2,12,.143,2,12,.143,Steve Casula,Keith Dudzinski,Ben Albert,/wiki/UMass_Minutemen_football,/wiki/Don_Brown_(American_football_coach),/wiki/Steve_Casula,/wiki/Keith_Dudzinski,/wiki/Ben_Albert
Akron Zips,MAC,Joe Moorhead,2022,2,11,.154,16,23,.410,Billy Fessler,Tim Tibesar,Allen Tucker,/wiki/Akron_Zips_football,/wiki/Joe_Moorhead,/wiki/Billy_Fessler,/wiki/Tim_Tibesar,/w/index.php?title=Allen_Tucker_(American_football)&action=edit&redlink=1
Ball State Cardinals,MAC,Mike Neu,2016,33,49,.402,33,49,.402,Jared Elliott / Kevin Lynch,Tyler Stockton,Cory Connolly,/wiki/Ball_State_Cardinals_football,/wiki/Mike_Neu,/wiki/Jared_Elliott|/w/index.php?title=Kevin_Lynch_(American_football)&action=edit&redlink=1,/wiki/Tyler_Stockton,/w/index.php?title=Cory_Connolly&action=edit&redlink=1
Bowling Green Falcons,MAC,Scot Loeffler,2019,13,30,.302,13,30,.302,Greg Nosal / Max Warner,Sammy Lawanson / Steve Morrison,Alex Bayer,/wiki/Bowling_Green_Falcons_football,/wiki/Scot_Loeffler,/w/index.php?title=Greg_Nosal&action=edit&redlink=1|/w/index.php?title=Max_Warner&action=edit&redlink=1,/w/index.php?title=Sammy_Lawanson&action=edit&redlink=1|/wiki/Steve_Morrison_(American_football),/wiki/Alex_Bayer
Buffalo Bulls,MAC,Maurice Linguist,2021,11,15,.423,11,15,.423,DJ Mangas,Robert Wright,Vacant,/wiki/Buffalo_Bulls_football,/wiki/Maurice_Linguist,/wiki/DJ_Mangas,/w/index.php?title=Robert_Wright_(American_football)&action=edit&redlink=1,
Central Michigan Chippewas,MAC,Jim McElwain,2019,24,22,.522,68,49,.581,Paul Petrino,Robb Akey,Keith Murphy,/wiki/Central_Michigan_Chippewas_football,/wiki/Jim_McElwain,/wiki/Paul_Petrino,/wiki/Robb_Akey,/wiki/Keith_Murphy
Eastern Michigan Eagles,MAC,Chris Creighton,2014,47,61,.435,47,61,.435,Chris Creighton,Taver Johnson / Ben Needham,Sam Sewell,/wiki/Eastern_Michigan_Eagles_football,/wiki/Chris_Creighton,/wiki/Chris_Creighton,/wiki/Taver_Johnson|/wiki/Ben_Needham_(American_football),/w/index.php?title=Sam_Sewell&action=edit&redlink=1
Kent State Golden Flashes,MAC,Kenni Burns,2023,0,1,.000,0,1,.000,Matt Johnson,David Duggan,Kody Morgan,/wiki/Kent_State_Golden_Flashes_football,/wiki/Kenni_Burns,/wiki/Matt_Johnson_(quarterback),/wiki/David_Duggan_(American_football),/w/index.php?title=Kody_Morgan&action=edit&redlink=1
Miami RedHawks,MAC,Chuck Martin,2014,45,60,.429,45,60,.429,Patrick Welsh,Bill Brechin,Jacob Bronowski,/wiki/Miami_RedHawks_football,/wiki/Chuck_Martin_(American_football),/w/index.php?title=Patrick_Welsh_(American_football)&action=edit&redlink=1,/w/index.php?title=Bill_Brechin&action=edit&redlink=1,/w/index.php?title=Jacob_Bronowski_(American_football)&action=edit&redlink=1
Northern Illinois Huskies,MAC,Thomas Hammock,2019,18,27,.400,18,27,.400,Eric Eidsness,Nick Benedetto,Nic McKissic-Luke,/wiki/Northern_Illinois_Huskies_football,/wiki/Thomas_Hammock,/wiki/Eric_Eidsness_(American_football),/w/index.php?title=Nick_Benedetto&action=edit&redlink=1,/w/index.php?title=Nic_McKissic-Luke&action=edit&redlink=1
Ohio Bobcats,MAC,Tim Albin,2021,14,14,.500,14,14,.500,Scott Isphording / Allen Rudolph,Spence Nowinsky,Nate Faanes,/wiki/Ohio_Bobcats_football,/wiki/Tim_Albin,/wiki/Scott_Isphording|/wiki/Allen_Rudolph,/wiki/Spence_Nowinsky,/w/index.php?title=Nate_Faanes&action=edit&redlink=1
Toledo Rockets,MAC,Jason Candle,2016,54,33,.621,54,33,.621,Mike Hallett / Robert Weiner,Vince Kehres / Ross Watson,Stanton Weber,/wiki/Toledo_Rockets_football,/wiki/Jason_Candle,/wiki/Mike_Hallett_(American_football)|/wiki/Robert_Weiner_(American_football),/wiki/Vince_Kehres|/w/index.php?title=Ross_Watson_(American)&action=edit&redlink=1,/w/index.php?title=Stanton_Weber&action=edit&redlink=1
Western Michigan Broncos,MAC,Lance Taylor,2023,1,0,1.000,1,0,1.000,Billy Cosh,Lou Esposito,Jeff Popovich,/wiki/Western_Michigan_Broncos_football,/wiki/Lance_Taylor_(American_football),/w/index.php?title=Billy_Cosh&action=edit&redlink=1,/wiki/Lou_Esposito,/wiki/Jeff_Popovich
Air Force Falcons,Mountain West,Troy Calhoun,2007,122,78,.610,122,78,.610,Mike Thiessen,Brian Knorr,Tim Horton,/wiki/Air_Force_Falcons_football,/wiki/Troy_Calhoun,/wiki/Mike_Thiessen,/wiki/Brian_Knorr,/wiki/Tim_Horton_(American_football)
Boise State Broncos,Mountain West,Andy Avalos,2021,17,10,.630,17,10,.630,Bush Hamdan,Spencer Danielson / Kane Ioane,Keith Bhonapha / Kelly Poppinga,/wiki/Boise_State_Broncos_football,/wiki/Andy_Avalos,/wiki/Bush_Hamdan,/w/index.php?title=Spencer_Danielson&action=edit&redlink=1|/wiki/Kane_Ioane,/wiki/Keith_Bhonapha|/wiki/Kelly_Poppinga
Colorado State Rams,Mountain West,Jay Norvell,2022,3,10,.231,36,36,.500,Matt Mumme,Freddie Banks,Tommy Perry,/wiki/Colorado_State_Rams_football,/wiki/Jay_Norvell,/wiki/Matt_Mumme,/wiki/Freddie_Banks_(coach),/wiki/Tommy_Perry
Fresno State Bulldogs,Mountain West,Jeff Tedford,2022 [N 5],37,18,.673,119,75,.613,Pat McCann,Kevin Coyle,John Baxter,/wiki/Fresno_State_Bulldogs_football,/wiki/Jeff_Tedford,/w/index.php?title=Pat_McCann&action=edit&redlink=1,/wiki/Kevin_Coyle,/wiki/John_Baxter_(American_football)
Hawai ªi Rainbow Warriors,Mountain West,Timmy Chang,2022,3,12,.200,3,12,.200,Roman Sapolu / Ian Shoemaker,Jacob Yoro,Thomas Sheffield,/wiki/Hawaii_Rainbow_Warriors_football,/wiki/Timmy_Chang,/w/index.php?title=Roman_Sapolu&action=edit&redlink=1|/wiki/Ian_Shoemaker,/wiki/Jacob_Yoro,/wiki/Thomas_Sheffield
Nevada Wolf Pack,Mountain West,Ken Wilson,2022,2,11,.154,2,11,.154,Derek Sage,Kwame Agyeman / Mike Bethea,Peyton Yanagi,/wiki/Nevada_Wolf_Pack_football,/wiki/Ken_Wilson_(American_football),/wiki/Derek_Sage,/w/index.php?title=Kwame_Agyeman&action=edit&redlink=1|/w/index.php?title=Mike_Bethea&action=edit&redlink=1,/w/index.php?title=Peyton_Yanagi&action=edit&redlink=1
New Mexico Lobos,Mountain West,Danny Gonzales,2020,7,25,.219,7,25,.219,Bryant Vincent,Troy Reffett,Jamie Christian,/wiki/New_Mexico_Lobos_football,/wiki/Danny_Gonzales,/wiki/Bryant_Vincent,/w/index.php?title=Troy_Reffett&action=edit&redlink=1,/w/index.php?title=Jamie_Christian&action=edit&redlink=1
San Diego State Aztecs,Mountain West,Brady Hoke,2020[N 6],25,12,.676,103,84,.551,Ryan Lindley,Kurt Mattix,Doug Deakin,/wiki/San_Diego_State_Aztecs_football,/wiki/Brady_Hoke,/wiki/Ryan_Lindley,/w/index.php?title=Kurt_Mattix&action=edit&redlink=1,/w/index.php?title=Doug_Deakin&action=edit&redlink=1
San Jose State Spartans,Mountain West,Brent Brennan,2017,27,44,.380,27,44,.380,Kevin McGiven,Derrick Odum,Scott White,/wiki/San_Jose_State_Spartans_football,/wiki/Brent_Brennan,/wiki/Kevin_McGiven,/w/index.php?title=Derrick_Odum&action=edit&redlink=1,/w/index.php?title=Scott_White_(American_football)&action=edit&redlink=1
UNLV Rebels,Mountain West,Barry Odom,2023,1,0,1.000,26,25,.510,Brennan Marion,Michael Scherer,James Shibest,/wiki/UNLV_Rebels_football,/wiki/Barry_Odom,/wiki/Brennan_Marion,/w/index.php?title=Michael_Scherer_(American_football)&action=edit&redlink=1,/wiki/James_Shibest
Utah State Aggies,Mountain West,Blake Anderson,2021,17,11,.607,68,48,.586,Kyle Cefalo,Joe Cauthen,Nick Paremski,/wiki/Utah_State_Aggies_football,/wiki/Blake_Anderson_(American_football),/w/index.php?title=Kyle_Cefalo&action=edit&redlink=1,/w/index.php?title=Joe_Cauthen&action=edit&redlink=1,/w/index.php?title=Nick_Paremski&action=edit&redlink=1
Wyoming Cowboys,Mountain West,Craig Bohl,2014,53,56,.486,53,56,.486,Tim Polasek,Jay Sawvel,Shannon Moore,/wiki/Wyoming_Cowboys_football,/wiki/Craig_Bohl,/wiki/Tim_Polasek,/w/index.php?title=Jay_Sawvel&action=edit&redlink=1,/w/index.php?title=Shannon_Moore_(American_football)&action=edit&redlink=1
Arizona Wildcats,Pac-12,Jedd Fisch,2021,7,18,.280,8,19,.296,Brennan Carroll,Johnny Nansen,Jordan Paopao,/wiki/Arizona_Wildcats_football,/wiki/Jedd_Fisch,/wiki/Brennan_Carroll,/wiki/Johnny_Nansen,/w/index.php?title=Jordan_Paopao&action=edit&redlink=1
Arizona State Sun Devils,Pac-12,Kenny Dillingham,2023,1,0,1.000,1,0,1.000,Beau Baldwin,Brian Ward,Charlie Ragle,/wiki/Arizona_State_Sun_Devils_football,/wiki/Kenny_Dillingham,/wiki/Beau_Baldwin,/wiki/Brian_Ward,/wiki/Charlie_Ragle
California Golden Bears,Pac-12,Justin Wilcox,2017,31,36,.463,31,36,.463,Jake Spavital,Peter Sirmon,Vacant,/wiki/California_Golden_Bears_football,/wiki/Justin_Wilcox_(American_football),/wiki/Jake_Spavital,/wiki/Peter_Sirmon,
Colorado Buffaloes,Pac-12,Deion Sanders,2023,1,0,1.000,1,0,1.000,Sean Lewis,Charles Kelly,Vacant,/wiki/Colorado_Buffaloes_football,/wiki/Deion_Sanders,/wiki/Sean_Lewis_(American_football),/wiki/Charles_Kelly_(American_football),
Oregon Ducks,Pac-12,Dan Lanning,2022,11,3,.786,11,3,.786,Junior Adams / Will Stein,Chris Hampton / Tosh Lupoi,Joe Lorig,/wiki/Oregon_Ducks_football,/wiki/Dan_Lanning,/wiki/Junior_Adams|/wiki/Will_Stein,/wiki/Chris_Hampton|/wiki/Tosh_Lupoi,/wiki/Joe_Lorig
Oregon State Beavers,Pac-12,Jonathan Smith,2018,27,31,.466,27,31,.466,Brian Lindgren,Trent Bray,Jake Cookus,/wiki/Oregon_State_Beavers_football,/wiki/Jonathan_Smith_(American_football_coach),/wiki/Brian_Lindgren,/wiki/Trent_Bray_(American_football),/w/index.php?title=Jake_Cookus&action=edit&redlink=1
Stanford Cardinal,Pac-12,Troy Taylor,2023,1,0,1.000,1,0,1.000,Troy Taylor,Bobby April III,Bob Gregory,/wiki/Stanford_Cardinal_football,/wiki/Troy_Taylor_(American_football),/wiki/Troy_Taylor_(American_football),/wiki/Bobby_April_III,/wiki/Bob_Gregory_(American_football)
UCLA Bruins,Pac-12,Chip Kelly,2018,28,29,.491,74,36,.673,Chip Kelly,D'Anton Lynn,Ikaika Malloe,/wiki/UCLA_Bruins_football,/wiki/Chip_Kelly,/wiki/Chip_Kelly,/wiki/D%27Anton_Lynn,/w/index.php?title=Ikaika_Malloe&action=edit&redlink=1
USC Trojans,Pac-12,Lincoln Riley,2022,13,3,.813,68,13,.840,Josh Henson,Alex Grinch,Ryan Dougherty,/wiki/USC_Trojans_football,/wiki/Lincoln_Riley,/wiki/Josh_Henson,/wiki/Alex_Grinch,/w/index.php?title=Ryan_Dougherty&action=edit&redlink=1
Utah Utes,Pac-12,Kyle Whittingham,2005,155,74,.677,155,74,.677,Andy Ludwig,Morgan Scalley,Sharrieff Shah,/wiki/Utah_Utes_football,/wiki/Kyle_Whittingham,/wiki/Andy_Ludwig,/wiki/Morgan_Scalley,/wiki/Sharrieff_Shah
Washington Huskies,Pac-12,Kalen DeBoer,2022,12,2,.857,24,8,.750,Ryan Grubb / JaMarcus Shephard,William Inge / Chuck Morrell,Eric Schmidt,/wiki/Washington_Huskies_football,/wiki/Kalen_DeBoer,/wiki/Ryan_Grubb|/wiki/JaMarcus_Shephard,/wiki/William_Inge_(American_football)|/wiki/Chuck_Morrell,/w/index.php?title=Eric_Schmidt_(American_football)&action=edit&redlink=1
Washington State Cougars,Pac-12,Jake Dickert,2021,11,9,.550,11,9,.550,Ben Arbuckle,Jeff Schmedding,Nick Whitworth,/wiki/Washington_State_Cougars_football,/wiki/Jake_Dickert,/wiki/Ben_Arbuckle,/wiki/Jeff_Schmedding,/wiki/Nick_Whitworth
Alabama Crimson Tide,SEC,Nick Saban,2007,190,27,.876,281,69,.803,Tommy Rees,Kevin Steele,Coleman Hutzler,/wiki/Alabama_Crimson_Tide_football,/wiki/Nick_Saban,/wiki/Tommy_Rees_(American_football),/wiki/Kevin_Steele,/w/index.php?title=Coleman_Hutzler&action=edit&redlink=1
Arkansas Razorbacks,SEC,Sam Pittman,2020,20,17,.541,20,17,.541,Dan Enos,Travis Williams / Marcus Woodson,Scott Fountain,/wiki/Arkansas_Razorbacks_football,/wiki/Sam_Pittman,/wiki/Dan_Enos,/wiki/Travis_Williams_(linebacker)|/wiki/Marcus_Woodson,/wiki/Scott_Fountain
Auburn Tigers,SEC,Hugh Freeze,2023,1,0,1.000,83,43,.659,Philip Montgomery,Ron Roberts,Vacant,/wiki/Auburn_Tigers_football,/wiki/Hugh_Freeze,/wiki/Philip_Montgomery,/wiki/Ron_Roberts_(American_football),
Florida Gators,SEC,Billy Napier,2022,6,8,.429,46,20,.697,Rob Sale,Austin Armstrong / Sean Spencer,Chris Couch,/wiki/Florida_Gators_football,/wiki/Billy_Napier,/wiki/Rob_Sale,/wiki/Austin_Armstrong|/wiki/Sean_Spencer_(American_football),/w/index.php?title=Chris_Couch_(American_football)&action=edit&redlink=1
Georgia Bulldogs,SEC,Kirby Smart,2016,82,15,.845,82,15,.845,Mike Bobo,Will Muschamp / Glenn Schumann,Scott Cochran,/wiki/Georgia_Bulldogs_football,/wiki/Kirby_Smart,/wiki/Mike_Bobo,/wiki/Will_Muschamp|/wiki/Glenn_Schumann,/wiki/Scott_Cochran
Kentucky Wildcats,SEC,Mark Stoops,2013,67,59,.532,67,59,.532,Liam Coen,Brad White,Jay Boulware,/wiki/Kentucky_Wildcats_football,/wiki/Mark_Stoops,/wiki/Liam_Coen,/wiki/Brad_White_(American_football),/wiki/Jay_Boulware
LSU Tigers,SEC,Brian Kelly,2022,10,5,.667,156,67,.700,Mike Denbrock,Matt House,John Jancek,/wiki/LSU_Tigers_football,/wiki/Brian_Kelly_(American_football_coach),/wiki/Mike_Denbrock,/wiki/Matt_House,/wiki/John_Jancek
Ole Miss Rebels,SEC,Lane Kiffin,2020,24,13,.649,85,46,.649,John David Baker / Charlie Weis Jr.,Pete Golding,Jake Schoonover,/wiki/Ole_Miss_Rebels_football,/wiki/Lane_Kiffin,/wiki/John_David_Baker|/wiki/Charlie_Weis_Jr.,/wiki/Pete_Golding,/w/index.php?title=Jake_Schoonover&action=edit&redlink=1
Mississippi State Bulldogs,SEC,Zach Arnett,2023,2,0,1.000,2,0,1.000,Kevin Barbay,Matt Brock,Eric Mele,/wiki/Mississippi_State_Bulldogs_football,/wiki/Zach_Arnett,/wiki/Kevin_Barbay,/wiki/Matt_Brock_(American_football_coach),/w/index.php?title=Eric_Mele&action=edit&redlink=1
Missouri Tigers,SEC,Eliah Drinkwitz,2020,18,19,.486,30,20,.600,Kirby Moore,Blake Baker,Erik Link,/wiki/Missouri_Tigers_football,/wiki/Eliah_Drinkwitz,/wiki/Kirby_Moore,/wiki/Blake_Baker,/w/index.php?title=Erik_Link&action=edit&redlink=1
South Carolina Gamecocks,SEC,Shane Beamer,2021,15,12,.556,15,12,.556,Dowell Loggains,Clayton White,Pete Lembo,/wiki/South_Carolina_Gamecocks_football,/wiki/Shane_Beamer,/wiki/Dowell_Loggains,/wiki/Clayton_White,/wiki/Pete_Lembo
Tennessee Volunteers,SEC,Josh Heupel,2021,19,8,.704,47,16,.746,Joey Halzle,Tim Banks,Mike Ekeler,/wiki/Tennessee_Volunteers_football,/wiki/Josh_Heupel,/wiki/Joey_Halzle,/wiki/Tim_Banks,/wiki/Mike_Ekeler
Texas A&M Aggies,SEC,Jimbo Fisher,2018,40,21,.656,123,44,.737,Bobby Petrino,D. J. Durkin,Vacant,/wiki/Texas_A%26M_Aggies_football,/wiki/Jimbo_Fisher,/wiki/Bobby_Petrino,/wiki/D._J._Durkin,
Vanderbilt Commodores,SEC,Clark Lea,2021,9,17,.346,9,17,.346,Joey Lynch,Nick Howell,Justin Lustig,/wiki/Vanderbilt_Commodores_football,/wiki/Clark_Lea,/wiki/Joey_Lynch,/wiki/Nick_Howell,/w/index.php?title=Justin_Lustig&action=edit&redlink=1
Appalachian State Mountaineers,Sun Belt,Shawn Clark,2020,27,13,.675,27,13,.675,Frank Ponce,Scott Sloan,Brian Haines,/wiki/Appalachian_State_Mountaineers_football,/wiki/Shawn_Clark,/wiki/Frank_Ponce,/w/index.php?title=Scott_Sloan_(American_football)&action=edit&redlink=1,/w/index.php?title=Brian_Haines&action=edit&redlink=1
Arkansas State Red Wolves,Sun Belt,Butch Jones,2021,5,20,.200,89,74,.546,Logan Kilgore,Rob Harley,Josh Conklin,/wiki/Arkansas_State_Red_Wolves_football,/wiki/Butch_Jones,/wiki/Logan_Kilgore,/w/index.php?title=Rob_Harley_(American_football)&action=edit&redlink=1,/wiki/Josh_Conklin
Coastal Carolina Chanticleers,Sun Belt,Tim Beck,2023,0,1,.000,0,1,.000,Travis Trickett,Craig Naivar,Josh Miller,/wiki/Coastal_Carolina_Chanticleers_football,"/wiki/Tim_Beck_(American_football,_born_1966)",/wiki/Travis_Trickett,/w/index.php?title=Craig_Naivar&action=edit&redlink=1,/w/index.php?title=Josh_Miller_(American_football_coach)&action=edit&redlink=1
Georgia Southern Eagles,Sun Belt,Clay Helton,2022,7,7,.500,53,31,.631,Bryan Ellis,Brandon Bailey,Turner West,/wiki/Georgia_Southern_Eagles_football,/wiki/Clay_Helton,/wiki/Bryan_Ellis,/wiki/Brandon_Bailey_(American_football),/w/index.php?title=Turner_West&action=edit&redlink=1
Georgia State Panthers,Sun Belt,Shawn Elliott,2017,35,38,.479,36,43,.456,Trent McKnight,Chad Staggs,Arketa Banks,/wiki/Georgia_State_Panthers_football,/wiki/Shawn_Elliott_(American_football),/w/index.php?title=Trent_McKnight&action=edit&redlink=1,/wiki/Chad_Staggs,/w/index.php?title=Arketa_Banks&action=edit&redlink=1
James Madison Dukes,Sun Belt,Curt Cignetti,2019,42,8,.840,9,3,.750,Mike Shanahan,Bryant Haines,Grant Cain,/wiki/James_Madison_Dukes_football,/wiki/Curt_Cignetti,/wiki/Mike_Shanahan_(tight_end),/w/index.php?title=Bryant_Haines&action=edit&redlink=1,/w/index.php?title=Grant_Cain&action=edit&redlink=1
Louisiana Ragin' Cajuns,Sun Belt,Michael Desormeaux,2022,8,7,.533,8,7,.533,Tim Leger,LaMar Morgan,Luke Paschall,/wiki/Louisiana_Ragin%27_Cajuns_football,/wiki/Michael_Desormeaux,/w/index.php?title=Tim_Leger&action=edit&redlink=1,/w/index.php?title=LaMar_Morgan&action=edit&redlink=1,/w/index.php?title=Luke_Paschall&action=edit&redlink=1
Louisiana-Monroe Warhawks,Sun Belt,Terry Bowden,2021,9,16,.360,91,85,.517,Matt Kubik,Vic Koenning,Jason Rollins,/wiki/Louisiana%E2%80%93Monroe_Warhawks_football,/wiki/Terry_Bowden,/w/index.php?title=Matt_Kubik&action=edit&redlink=1,/wiki/Vic_Koenning,/w/index.php?title=Jason_Rollins&action=edit&redlink=1
Marshall Thundering Herd,Sun Belt,Charles Huff,2021,17,10,.630,17,10,.630,Clint Trickett,Jason Semore / Chevis Jackson,Johnathan Galante,/wiki/Marshall_Thundering_Herd_football,/wiki/Charles_Huff_(American_football),/wiki/Clint_Trickett,/w/index.php?title=Jason_Semore&action=edit&redlink=1|/wiki/Chevis_Jackson,/w/index.php?title=Johnathan_Galante&action=edit&redlink=1
Old Dominion Monarchs,Sun Belt,Ricky Rahne,2020,9,17,.346,9,17,.346,Kevin Decker,Blake Seiler,Kevin Smith,/wiki/Old_Dominion_Monarchs_football,/wiki/Ricky_Rahne,/wiki/Kevin_Decker,/w/index.php?title=Blake_Seiler&action=edit&redlink=1,/w/index.php?title=Kevin_Smith_(American_football_coach)&action=edit&redlink=1
South Alabama Jaguars,Sun Belt,Kane Wommack,2021,15,11,.577,15,11,.577,Major Applewhite,Corey Batoon,Tre' Williams,/wiki/South_Alabama_Jaguars_football,/wiki/Kane_Wommack,/wiki/Major_Applewhite,/w/index.php?title=Corey_Batoon&action=edit&redlink=1,/w/index.php?title=Tre%27_Williams&action=edit&redlink=1
Southern Miss Golden Eagles,Sun Belt,Will Hall,2021,11,15,.423,11,15,.423,Sam Gregg,Dan O'Brien,Greg Meyer,/wiki/Southern_Miss_Golden_Eagles_football,/wiki/Will_Hall_(American_football),/w/index.php?title=Sam_Gregg&action=edit&redlink=1,/w/index.php?title=Dan_O%27Brien_(American_football_coach)&action=edit&redlink=1,/w/index.php?title=Greg_Meyer_(American_football_coach)&action=edit&redlink=1
Texas State Bobcats,Sun Belt,G. J. Kinne,2023,1,0,1.000,1,0,1.000,Mack Leftwich,Jonathan Patke,Daniel Da Prato,/wiki/Texas_State_Bobcats_football,/wiki/G._J._Kinne,/wiki/Mack_Leftwich,/w/index.php?title=Jonathan_Patke&action=edit&redlink=1,/wiki/Daniel_Da_Prato
Troy Trojans,Sun Belt,Jon Sumrall,2022,13,2,.867,13,2,.867,Joe Craddock,Greg Gasparato / Tayler Polk,James Vollono,/wiki/Troy_Trojans_football,/wiki/Jon_Sumrall,/wiki/Joe_Craddock,/w/index.php?title=Greg_Gasparato&action=edit&redlink=1|/w/index.php?title=Tayler_Polk&action=edit&redlink=1,/w/index.php?title=James_Vollono&action=edit&redlink=1
